Task Name,Description,Assignee Role,Start Date,Due Date,Priority,Milestone,Dependencies,Acceptance Criteria,Tags
"Confirm audience and MVP scope","Decide primary learner, platforms, forum versus study-buddy MVP, daily completion rule, and feature exclusions.","CTO","2026-08-10","2026-08-10","Urgent","MVP v1","","Decisions are recorded in ClickUp and linked from the design file; no critical scope choice remains ambiguous.","decision;system"
"Confirm technical and policy constraints","Document authentication, video hosting, live-class provider, AI data/safety, notifications, analytics, payments, privacy, and platform policy constraints.","CTO","2026-08-10","2026-08-10","Urgent","MVP v1","","Each system has an approved constraint or a named owner and decision deadline.","decision;engineering"
"Set up shared design source of truth","Create Foundations, Components, UX, Brand Assets, and Prototype pages plus naming and version rules.","UI/UX Designer","2026-08-10","2026-08-10","High","MVP v1","Confirm audience and MVP scope","Both designers can locate current work; obsolete work is clearly archived; source links are added to ClickUp.","design-ops;shared"
"Create information architecture and navigation hypothesis","Define top-level destinations, content hierarchy, and navigation model for the agreed MVP.","UI/UX Designer","2026-08-10","2026-08-10","Urgent","MVP v1","Navigation covers every in-scope feature and has CTO approval or recorded open questions.","ux;architecture"
"Create screen and state inventory","List screens and required first-use, loading, empty, success, error, offline, permission, locked, payment, and moderation states.","UI/UX Designer","2026-08-10","2026-08-11","High","MVP v1","Every brief feature maps to screens and applicable states with milestone and owner.","ux;inventory"
"Develop visual territory options","Create two or three distinct visual territories tied to approved brand attributes and learner needs.","Graphic Designer","2026-08-10","2026-08-11","Urgent","MVP v1","Each territory includes rationale, type, color, imagery, icon/illustration direction, and accessibility risks.","brand;direction"
"Map eight core user journeys","Map all core journeys from the product brief with entry, decision, success, and failure points.","UI/UX Designer","2026-08-10","2026-08-11","Urgent","MVP v1","All eight journeys are reviewable and linked; dependencies and unresolved decisions are visible.","ux;flow"
"Create critical low-fidelity wireframes","Wireframe onboarding, today/practice, streak, video, dashboard, purchase, AI, live class, and selected community model.","UI/UX Designer","2026-08-11","2026-08-11","Urgent","MVP v1","Wireframes establish hierarchy and task completion without relying on final visual assets.","ux;wireframe"
"Select visual direction","Review visual territories and approve one direction for integration.","CTO","2026-08-11","2026-08-11","Urgent","MVP v1","Selection and requested changes are recorded before end of day.","approval;brand"
"Define shared visual foundations and tokens","Agree semantic color, typography, spacing, radius, icon size, and motion conventions.","Graphic Designer","2026-08-12","2026-08-12","Urgent","MVP v1","Select visual direction; Create critical low-fidelity wireframes","Foundations are named for implementation, pass critical contrast checks, and are approved by UI/UX.","brand;design-system;shared"
"Build starter component system","Create reusable navigation, buttons, fields, cards, progress, content, commerce, feedback, dialog, and state patterns.","UI/UX Designer","2026-08-12","2026-08-13","Urgent","MVP v1","Define shared visual foundations and tokens","Components include key variants and states and are used in MVP v1 screens.","ui;design-system"
"Produce MVP priority graphics","Deliver in-context assets for onboarding, streak/achievement, AI, and key empty states.","Graphic Designer","2026-08-12","2026-08-13","Urgent","MVP v1","Define shared visual foundations and tokens","Editable sources, correct exports, names, usage guidance, and license records are present.","graphics;asset"
"Design MVP v1 high-fidelity screens","Design high-fidelity happy paths for all must-represent features in the brief.","UI/UX Designer","2026-08-12","2026-08-13","Urgent","MVP v1","Build starter component system; Produce MVP priority graphics","Screens use approved foundations and real priority assets and are ready to prototype.","ui;screen"
"Build MVP v1 clickable prototype","Connect critical happy paths and add meaningful loading, completion, error, locked, and permission examples.","UI/UX Designer","2026-08-13","2026-08-13","Urgent","MVP v1","Design MVP v1 high-fidelity screens","Every critical path can be demonstrated without navigating the source file manually.","ux;prototype"
"Review MVP v1 brand consistency","Audit the prototype in context and resolve material type, color, asset, icon, and image inconsistencies.","Graphic Designer","2026-08-13","2026-08-13","High","MVP v1","Build MVP v1 clickable prototype","No unresolved major brand or asset-fit issue remains; comments are resolved or converted to tasks.","brand;review"
"Accept MVP design v1","Walk through scope, prototype, system, accessibility, brand, and engineering feasibility.","CTO","2026-08-14","2026-08-14","Urgent","MVP v1","Review MVP v1 brand consistency","Acceptance status and severity-ranked corrections are recorded; foundations are frozen.","milestone;approval"
"Resolve MVP v1 acceptance corrections","Complete all named corrections required by the August 14 milestone decision.","UI/UX Designer","2026-08-17","2026-08-18","High","Complete Design","Accept MVP design v1","All milestone corrections are accepted or explicitly moved to the backlog by CTO.","ux;revision"
"Complete remaining feature screens","Finish live class, selected community model, commerce, AI, notifications, profile, settings, support, and legal/accessibility entry points.","UI/UX Designer","2026-08-17","2026-08-21","Urgent","Complete Design","Accept MVP design v1","Every in-scope inventory item has a screen owner, state coverage, and source link.","ui;screen"
"Complete core brand and asset library","Finish approved logo/wordmark scope, app icon, launch art, reusable icons, illustrations, achievements, and content imagery guidance.","Graphic Designer","2026-08-17","2026-08-21","Urgent","Complete Design","Accept MVP design v1","Required categories have approved source, exports, names, usage notes, and license records.","brand;graphics;asset"
"Complete non-happy-path and safety states","Design applicable empty, loading, offline, permission, payment, moderation, blocked, reported, cancelled, expired, and recovery states.","UI/UX Designer","2026-08-19","2026-08-21","Urgent","Complete Design","Complete remaining feature screens","State coverage is at least 95%; safety and payment-critical states are 100% covered.","ux;state"
"Run first complete inventory review","Audit screen, state, component, asset, accessibility, and open-decision coverage.","CTO","2026-08-21","2026-08-21","High","Complete Design","Complete non-happy-path and safety states; Complete core brand and asset library","Every missing or rejected item has one owner and a due date no later than August 28.","review;coverage"
"Plan and run usability validation","Test critical tasks with at least five representative learners when available and rank findings by severity.","UI/UX Designer","2026-08-24","2026-08-25","Urgent","Complete Design","Run first complete inventory review","Task success is recorded; blockers and irreversible-error risks become linked tasks.","research;usability"
"Resolve critical usability and accessibility findings","Fix critical/high findings and retest affected tasks and patterns.","UI/UX Designer","2026-08-25","2026-08-27","Urgent","Complete Design","Plan and run usability validation","No unresolved critical task blocker remains and critical accessibility checks pass.","ux;accessibility;revision"
"Prepare store and marketing graphic templates","Create store-listing and launch-marketing templates using stable approved UI frames.","Graphic Designer","2026-08-24","2026-08-27","Normal","Complete Design","Complete core brand and asset library","Templates use approved screens, meet platform-safe layout guidance, and have editable source.","graphics;marketing"
"Complete engineering design handoff","Finalize component variants, tokens, interactions, copy states, analytics notes, prototypes, and implementation annotations.","UI/UX Designer","2026-08-26","2026-08-27","Urgent","Complete Design","Resolve critical usability and accessibility findings","Handoff checklist is 100% complete and source links resolve to approved frames.","handoff;engineering"
"Complete production asset package","Deliver approved source and exports with variants, safe areas, naming, manifests, licenses, and usage guidance.","Graphic Designer","2026-08-26","2026-08-27","Urgent","Complete Design","Prepare store and marketing graphic templates","Asset specification and source/license completeness are 100%.","handoff;asset"
"Run engineering implementability review","Review behaviors, states, data dependencies, platform constraints, component reuse, and asset integration.","CTO","2026-08-28","2026-08-28","Urgent","Complete Design","Complete engineering design handoff; Complete production asset package","Every implementation blocker has a severity, owner, and due date no later than August 31.","engineering;review"
"Resolve final handoff blockers","Fix only blockers identified in the August 28 implementability and quality review.","UI/UX Designer","2026-08-28","2026-08-31","Urgent","Complete Design","Run engineering implementability review","All assigned blockers are accepted or explicitly waived by CTO with rationale.","handoff;revision"
"Run final brand and asset audit","Verify final screens and asset package against approved brand, accessibility, export, and license rules.","Graphic Designer","2026-08-28","2026-08-31","Urgent","Complete Design","Run engineering implementability review","No unresolved critical brand, accessibility, export, or licensing defect remains.","brand;audit"
"Accept complete app design baseline","Approve final scope, screens, states, system, prototype, assets, annotations, and handoff baseline.","CTO","2026-08-31","2026-08-31","Urgent","Complete Design","Resolve final handoff blockers; Run final brand and asset audit","Baseline is versioned and accepted; enhancements move to backlog; later requests use change control.","milestone;approval"
